{
    "dashboard": {
        "keyword": [
            "Dashboard",
            "Home",
            "Panel",
            "Admin",
            "Control center",
            "Overview",
            "Main hub",
            "Management hub",
            "Administrative hub",
            "Central hub",
            "Command center",
            "Administrator portal",
            "Centralized interface",
            "Admin console",
            "Management dashboard",
            "Main screen",
            "Administrative dashboard",
            "Command dashboard",
            "Main control panel"
        ],
        "title": "Dashboard",
        "icon": "las la-home",
        "route_name": "admin.dashboard",
        "menu_active": "admin.dashboard"
    },
    "manage_users": {
        "title": "Manage Users",
        "icon": "las la-users",
        "counters": ["bannedUsersCount", "emailUnverifiedUsersCount", "mobileUnverifiedUsersCount", "kycUnverifiedUsersCount", "kycPendingUsersCount"],
        "menu_active": "admin.users*",
        "submenu": [{
                "keyword": ["active users", "Manage Users", "User management", "User control", "User status", "User activity", "User analytics"],
                "title": "Active Users",
                "route_name": "admin.users.active",
                "menu_active": "admin.users.active"
            },
            {
                "keyword": ["banned users", "Manage Users", "User management", "Account bans", "User activity"],
                "title": "Banned Users",
                "route_name": "admin.users.banned",
                "menu_active": "admin.users.banned",
                "counter": "bannedUsersCount"
            },
            {
                "keyword": ["email unverified users", "Manage Users", "User verification", "User authentication", "User management"],
                "title": "Email Unverified",
                "route_name": "admin.users.email.unverified",
                "menu_active": "admin.users.email.unverified",
                "counter": "emailUnverifiedUsersCount"
            },
            {
                "keyword": ["mobile unverified users", "Manage Users", "User verification", "User authentication", "User management"],
                "title": "Mobile Unverified",
                "route_name": "admin.users.mobile.unverified",
                "menu_active": "admin.users.mobile.unverified",
                "counter": "mobileUnverifiedUsersCount"
            },
            {
                "keyword": ["kyc unverified users", "Manage Users", "User verification", "User authentication", "User management"],
                "title": "KYC Unverified",
                "route_name": "admin.users.kyc.unverified",
                "menu_active": "admin.users.kyc.unverified",
                "counter": "kycUnverifiedUsersCount"
            },
            {
                "keyword": ["kyc pending users", "Manage Users", "User verification", "User authentication", "User management"],
                "title": "KYC Pending",
                "route_name": "admin.users.kyc.pending",
                "menu_active": "admin.users.kyc.pending",
                "counter": "kycPendingUsersCount"
            },
            {
                "keyword": ["with balance users", "Manage Users", "User management", "User activity", "Account management"],
                "title": "With Balance",
                "route_name": "admin.users.with.balance",
                "menu_active": "admin.users.with.balance"
            },
            {
                "keyword": ["all users users", "Manage Users", "User management", "User control", "User activity", "User analytics"],
                "title": "All Users",
                "route_name": "admin.users.all",
                "menu_active": "admin.users.all"
            },
            {
                "keyword": ["send notification users", "Manage Users", "User notifications", "User management", "User activity"],
                "title": "Send Notification",
                "route_name": "admin.users.notification.all",
                "menu_active": "admin.users.notification.all"
            }
        ]
    },
    "categories": {
        "keyword": ["category", "categories", "category management", "category list", "category manage"],
        "title": "Categories",
        "icon": "las la-bars",
        "route_name": "admin.category.index",
        "menu_active": "admin.category.*"
    },
    "tools": {
        "keyword": ["tool", "AI tools", "tool management", "tool list", "tool manage"],
        "title": "AI Tools",
        "icon": "las la-brain",
        "route_name": "admin.tool.index",
        "menu_active": "admin.tool.*"
    },
    "manage_prompt": {
        "title": "Manage Prompts",
        "icon": "las la-list",
        "menu_active": [
            "admin.prompt*"
        ],
        "counters": [
            "pendingPromptCount"
        ],
        "submenu": [
            {
                "keyword": [
                    "pending",
                    "pending prompt",
                    "approve prompt",
                    "reject prompt",
                    "trending prompt",
                    "featured prompt"
                ],
                "title": "Pending Prompts",
                "counter": "pendingPromptCount",
                "route_name": "admin.prompt.pending",
                "menu_active": "admin.prompt.pending"
            },
            {
                "keyword": [
                    "approved",
                    "approved prompt"
                ],
                "title": "Approved Prompts",
                "route_name": "admin.prompt.approved",
                "menu_active": "admin.prompt.approved"
            },
            {
                "keyword": [
                    "rejected",
                    "rejected prompt"
                ],
                "title": "Rejected Prompts",
                "route_name": "admin.prompt.rejected",
                "menu_active": "admin.prompt.rejected"
            },
            {
                "keyword": [
                    "trending",
                    "trending prompt"
                ],
                "title": "Trending Prompts",
                "route_name": "admin.prompt.trending",
                "menu_active": "admin.prompt.trending"
            },
            {
                "keyword": [
                    "featured",
                    "featured prompt"
                ],
                "title": "Featured Prompts",
                "route_name": "admin.prompt.featured",
                "menu_active": "admin.prompt.featured"
            },
            {
                "keyword": [
                    "all",
                    "all prompt"
                ],
                "title": "All Prompts",
                "route_name": "admin.prompt.index",
                "menu_active": "admin.prompt.index"
            }
        ]
    },
    "manage_order": {
        "title": "Manage Orders",
        "icon": "las la-list",
        "menu_active": [
            "admin.order*"
        ],
        "counters": [
            "pendingOrderCount"
        ],
        "submenu": [
            {
                "keyword": [
                    "pending",
                    "pending order",
                    "completed order",
                    "canceled order"
                ],
                "title": "Pending Orders",
                "counter": "pendingOrderCount",
                "route_name": "admin.order.pending",
                "menu_active": "admin.order.pending"
            },
            {
                "keyword": [
                    "completed",
                    "completed order"
                ],
                "title": "Completed Orders",
                "route_name": "admin.order.approved",
                "menu_active": "admin.order.approved"
            },
            {
                "keyword": [
                    "canceled",
                    "canceled order"
                ],
                "title": "Canceled Orders",
                "route_name": "admin.order.canceled",
                "menu_active": "admin.order.canceled"
            },
            {
                "keyword": [
                    "all",
                    "all order"
                ],
                "title": "All Orders",
                "route_name": "admin.order.index",
                "menu_active": "admin.order.index"
            }
        ]
    },
    "coupon": {
        "keyword": [
            "coupon",
            "manage coupon",
            "coupon management",
            "coupon list",
            "coupon add"
        ],
        "title": "Coupon",
        "icon": "las la-bullhorn",
        "route_name": "admin.coupon.index",
        "menu_active": "admin.coupon.*"
    },
    "reviews": {
        "keyword": ["All Reviews", "Manage Reviews", "Reviews management", "Reviews activity"],
        "title": "Manage Reviews",
        "icon": "las la-star",
        "route_name": "admin.reviews.index",
        "menu_active": "admin.reviews.*"
    },
    "deposits": {
        "title": "Payments",
        "icon": "las la-file-invoice-dollar",
        "counters": ["pendingDepositsCount"],
        "menu_active": "admin.deposit*",
        "submenu": [{
                "keyword": ["Pending payments", "payments", "payment management", "payment control", "payment status", "payment activity"],
                "title": "Pending payments",
                "route_name": "admin.deposit.pending",
                "menu_active": "admin.deposit.pending",
                "counter": "pendingDepositsCount",
                "params":{
                    "user_id":""
                }
            },
            {
                "keyword": ["Approved payments", "payments", "payment management", "payment activity"],
                "title": "Approved payments",
                "route_name": "admin.deposit.approved",
                "menu_active": "admin.deposit.approved",
                "params":{
                    "user_id":""
                }
            },
            {
                "keyword": ["Successful payments", "payments", "payment management", "payment activity"],
                "title": "Successful payments",
                "route_name": "admin.deposit.successful",
                "menu_active": "admin.deposit.successful",
                "params":{
                    "user_id":""
                }
            },
            {
                "keyword": ["Rejected payments", "payments", "payment management", "payment activity"],
                "title": "Rejected payments",
                "route_name": "admin.deposit.rejected",
                "menu_active": "admin.deposit.rejected",
                "params":{
                    "user_id":""
                }
            },
            {
                "keyword": ["Initiated Payments", "Payments", "Payment management", "Payment activity"],
                "title": "Initiated Deposits",
                "route_name": "admin.deposit.initiated",
                "menu_active": "admin.deposit.initiated",
                "params":{
                    "user_id":""
                }
            },
            {
                "keyword": ["All Payments", "Payments", "Payment management", "Payment control", "Payment activity"],
                "title": "All Payments",
                "route_name": "admin.deposit.list",
                "menu_active": "admin.deposit.list",
                "params":{
                    "user_id":""
                }
            }
        ]
    },
    "withdrawals": {
        "title": "Withdrawals",
        "icon": "la la-bank",
        "counters": ["pendingWithdrawCount"],
        "menu_active": "admin.withdraw.data*",
        "submenu": [{
                "keyword": ["Pending Withdrawals", "Withdrawals", "Withdrawal management", "Withdrawal control", "Withdrawal status", "Withdrawal activity"],
                "title": "Pending Withdrawals",
                "route_name": "admin.withdraw.data.pending",
                "menu_active": "admin.withdraw.data.pending",
                "counter": "pendingWithdrawCount",
                "params":{
                    "user_id":""
                }
            },
            {
                "keyword": ["Approved Withdrawals", "Withdrawals", "Withdrawal management", "Withdrawal activity"],
                "title": "Approved Withdrawals",
                "route_name": "admin.withdraw.data.approved",
                "menu_active": "admin.withdraw.data.approved",
                "params":{
                    "user_id":""
                }
            },
            {
                "keyword": ["Rejected Withdrawals", "Withdrawals", "Withdrawal management", "Withdrawal activity"],
                "title": "Rejected Withdrawals",
                "route_name": "admin.withdraw.data.rejected",
                "menu_active": "admin.withdraw.data.rejected",
                "params":{
                    "user_id":""
                }
            },
            {
                "keyword": ["All Withdrawals", "Withdrawals", "Withdrawal management", "Withdrawal control", "Withdrawal activity"],
                "title": "All Withdrawals",
                "route_name": "admin.withdraw.data.all",
                "menu_active": "admin.withdraw.data.all",
                "params":{
                    "user_id":""
                }
            }
        ]
    },
    "support_ticket": {
        "title": "Support Ticket",
        "icon": "la la-ticket",
        "counters": ["pendingTicketCount"],
        "menu_active": "admin.ticket*",
        "submenu": [{
                "keyword": ["Pending Ticket", "Support Ticket", "Ticket management", "Ticket control", "Ticket status", "Ticket activity"],
                "title": "Pending Ticket",
                "route_name": "admin.ticket.pending",
                "menu_active": "admin.ticket.pending",
                "counter": "pendingTicketCount"
            },
            {
                "keyword": ["Closed Ticket", "Support Ticket", "Ticket management", "Ticket activity"],
                "title": "Closed Ticket",
                "route_name": "admin.ticket.closed",
                "menu_active": "admin.ticket.closed"
            },
            {
                "keyword": ["Answered Ticket", "Support Ticket", "Ticket management", "Ticket activity"],
                "title": "Answered Ticket",
                "route_name": "admin.ticket.answered",
                "menu_active": "admin.ticket.answered"
            },
            {
                "keyword": ["All Ticket", "Support Ticket", "Ticket management", "Ticket control", "Ticket activity"],
                "title": "All Ticket",
                "route_name": "admin.ticket.index",
                "menu_active": "admin.ticket.index"
            }
        ]
    },
    "reports": {
        "title": "Report",
        "icon": "la la-list",
        "menu_active": "admin.report*",
        "submenu": [{
                "keyword": ["Transaction Log", "Report", "Transaction report", "Transaction history", "Transaction activity","balance sheet","balance log","balance history"],
                "title": "Transaction History",
                "route_name": "admin.report.transaction",
                "menu_active": ["admin.report.transaction", "admin.report.transaction.search"],
                "params":{
                    "user_id":""
                }
            },
            {
                "keyword": ["Login History", "Report", "Login report", "Login history", "Login activity"],
                "title": "Login History",
                "route_name": "admin.report.login.history",
                "menu_active": ["admin.report.login.history", "admin.report.login.ipHistory"]
            },
            {
                "keyword": ["Notification History", "Report", "Notification report", "Notification history", "Notification activity","email log","email history","sms log","sms history","push notification log","push notification history"],
                "title": "Notification History",
                "route_name": "admin.report.notification.history",
                "menu_active": "admin.report.notification.history"
            }
        ]
    },
    "subscriber": {
        "keyword": ["subscriber", "subscribers", "Subscription management", "Subscriber list", "Subscriber activity"],
        "title": "Subscribers",
        "icon": "las la-thumbs-up",
        "route_name": "admin.subscriber.index",
        "menu_active": "admin.subscriber.*"
    },
    "system_setting": {
        "keyword": ["System Setting", "setting", "System configuration", "System preferences", "Configuration management", "System setup"],
        "title": "System Setting",
        "icon": "las la-life-ring",
        "route_name": "admin.setting.system",
        "menu_active": [
            "admin.setting.system",
            "admin.setting.general",
            "admin.setting.socialite.credentials",
            "admin.setting.system.configuration",
            "admin.setting.logo.icon",
            "admin.extensions.index",
            "admin.language.manage",
            "admin.language.key",
            "admin.seo",
            "admin.kyc.setting",
            "admin.frontend.templates",
            "admin.frontend.manage.*",
            "admin.maintenance.mode",
            "admin.setting.cookie",
            "admin.setting.custom.css",
            "admin.setting.sitemap",
            "admin.setting.robot",
            "admin.setting.notification.global.email",
            "admin.setting.notification.global.sms",
            "admin.setting.notification.global.push",
            "admin.setting.notification.email",
            "admin.setting.notification.sms",
            "admin.setting.notification.push",
            "admin.setting.notification.templates",
            "admin.setting.notification.template.edit",
            "admin.frontend.index",
            "admin.frontend.sections*",
            "admin.gateway*",
            "admin.withdraw.method*",
            "admin.setting.app.purchase"
        ]
    },
    "extra": {
        "title": "Extra",
        "icon": "la la-server",
        "menu_active": "admin.system*",
        "counters": ["updateAvailable"],
        "submenu": [{
                "keyword": ["Application", "System", "Application management", "Application settings", "System information","version","laravel","timezone"],
                "title": "Application",
                "route_name": "admin.system.info",
                "menu_active": "admin.system.info"
            },
            {
                "keyword": ["Server", "System", "Server management", "Server settings", "System information","version","php version","software","ip address","server ip address","server port","http host"],
                "title": "Server",
                "route_name": "admin.system.server.info",
                "menu_active": "admin.system.server.info"
            },
            {
                "keyword": ["Cache", "System", "Cache management", "Cache optimization", "System performance","clear cache"],
                "title": "Cache",
                "route_name": "admin.system.optimize",
                "menu_active": "admin.system.optimize"
            },
            {
                "keyword": ["Update", "System", "Update management", "System update", "Software updates","version update","upgrade","latest version"],
                "title": "Update",
                "route_name": "admin.system.update",
                "menu_active": "admin.system.update*",
                "counter":"updateAvailable"
            }
        ]
    },
    "report_and_request": {
        "keyword": ["Report & Request", "Report and Request", "Reports and Requests", "Reporting and Requests", "Report management", "Request management","feature request","bug report"],
        "title": "Report & Request",
        "icon": "las la-bug",
        "route_name": "admin.request.report",
        "menu_active": "admin.request.report"
    }
}
